"Page URL with Title too long ","Page depth"
"https://ethicalbiohacking.com/nutrition/intermittent-fasting-16-8-protocol-guide","2"
"https://ethicalbiohacking.com/wearables/hrv-mastery-guide-autonomic-nervous-system-2026","2"
"https://ethicalbiohacking.com/wearables/best-biohacking-wearables-2026-apple-watch-oura-whoop","2"
"https://ethicalbiohacking.com/longevity/epigenetics-functional-health-genetic-expression","2"
"https://ethicalbiohacking.com/nutrition/nutrient-density-vs-calories-functional-health-energy-optimization","2"
"https://ethicalbiohacking.com/wearables/vagus-nerve-stimulation-anxiety-2026","2"
"https://ethicalbiohacking.com/longevity/muscle-longevity-strength-predictor","2"
"https://ethicalbiohacking.com/nutrition/top-5-natural-nootropics-focus-memory-2026","2"
"https://ethicalbiohacking.com/longevity/blue-zones-vs-biohacking-ancestral-longevity","2"
"https://ethicalbiohacking.com/sleep/social-jet-lag-hidden-circadian-disorder","2"
"https://ethicalbiohacking.com/sleep/blue-light-glasses-sleep-analysis-2026","2"
"https://ethicalbiohacking.com/sleep/best-sleep-supplements-2026-magnesium-glycine-melatonin","2"
"https://ethicalbiohacking.com/longevity/ethical-biohacking-guide-2026","2"
"https://ethicalbiohacking.com/longevity/regenerative-medicine-2026-exosomes-stem-cells","2"
"https://ethicalbiohacking.com/nutrition/metabolic-flexibility-fat-adapted-science","2"
"https://ethicalbiohacking.com/nutrition/berberine-vs-metformin-glucose-control-natural-biohacking","2"
"https://ethicalbiohacking.com/sleep/deep-sleep-mastery","2"
"https://ethicalbiohacking.com/wearables/cgm-guide-non-diabetics-2026-metabolic-health","2"
"https://ethicalbiohacking.com/wearables/senior-wearables-fall-detection-ecg-2026","2"
"https://ethicalbiohacking.com/longevity/bioethics-biohacking-nof1-experimentation-risks","2"
"https://ethicalbiohacking.com/longevity/longevity-biomarkers-essential-blood-tests","2"
"https://ethicalbiohacking.com/nutrition/personalized-nutrigenomics-mthfr-apoe-guide","2"
"https://ethicalbiohacking.com/wearables/future-of-biohacking-beyond-wearables-neural-implants-2030","2"
"https://ethicalbiohacking.com/longevity/biological-age-testing-2026-epigenetic-clocks","2"
"https://ethicalbiohacking.com/nutrition/anti-inflammatory-diet-pro-the-2026-protocol-to-combat-inflammaging","2"
"https://ethicalbiohacking.com/nutrition/best-hydrolyzed-collagen-2026-buyers-guide","2"
"https://ethicalbiohacking.com/nutrition/heavy-metals-protein-powder-supplement-safety-testing","2"
"https://ethicalbiohacking.com/nutrition/gut-brain-axis-microbiome-mental-health-2026","2"
"https://ethicalbiohacking.com/wearables/biohacking-data-privacy-biological-ownership-2026","2"
"https://ethicalbiohacking.com/sleep/ideal-sleep-temperature-metabolism-18c","2"
"https://ethicalbiohacking.com/sleep/sleep-chronotype-manifesto-biology-productivity-hacking","2"
"https://ethicalbiohacking.com/sleep/insulin-resistance-sleep-metabolic-impact","2"
"https://ethicalbiohacking.com/nutrition/glp-1-diet-boost-satiety-naturally","2"
"https://ethicalbiohacking.com/sleep/90-minute-pre-sleep-routine-biohacker-protocol","2"
"https://ethicalbiohacking.com/longevity/hormesis-mechanisms-cold-heat-longevity","2"
"https://ethicalbiohacking.com/wearables/red-light-therapy-2026-science-vs-hype","2"
"https://ethicalbiohacking.com/nutrition/creatine-for-the-brain-why-this-bodybuilding-supplement-is-a-mental-longevity-essential","2"
"https://ethicalbiohacking.com/nutrition/fibermaxxing-gut-longevity-diet-protocol","2"
"https://ethicalbiohacking.com/longevity/autophagy-guide-cellular-recycling-fasting","2"
"https://ethicalbiohacking.com/longevity/vo2-max-longevity-cardiorespiratory-fitness","2"
"https://ethicalbiohacking.com/longevity/telomere-science-2026-slowing-dna-shortening","1"
"https://ethicalbiohacking.com/longevity/senolytic-nutrition-clear-zombie-cells","1"
"https://ethicalbiohacking.com/longevity","1"
"https://ethicalbiohacking.com/wearables/active-wearables-3-0-real-time-biology-modification","1"
"https://ethicalbiohacking.com/about","1"
"https://ethicalbiohacking.com/sleep/morning-sunlight-circadian-biohack","1"
"https://ethicalbiohacking.com/sleep/hack-sleep-drive-adenosine-caffeine-timing","1"
"https://ethicalbiohacking.com/wearables/ai-health-coaches-2026-personalization-truth","1"
"https://ethicalbiohacking.com/sleep","1"
"https://ethicalbiohacking.com/nutrition/longevity-supplement-stack-2026-synergies","1"
"https://ethicalbiohacking.com/nutrition","1"
"https://ethicalbiohacking.com/sleep/sleep-thermoregulation-smart-mattresses","1"
"https://ethicalbiohacking.com/wearables","1"
"https://ethicalbiohacking.com/nutrition/womens-biohacking-female-fasting-protocols","1"
